id,category,name,source_printed_page,price_cp_candidate,verification,source_line
one_handed-ball-chain,one_handed,Ball & chain,63,2500,source-indexed; numeric fields require visual row validation,Ball & chain            1d6+1     M     M                                 2           6/8             Flexible      M       250 SP
one_handed-battleaxe,one_handed,Battleaxe,63,1000,source-indexed; numeric fields require visual row validation,"Battleaxe              1d6+1     M     M       Bleed, Sunder                1           4/8                       A-R      100 SP"
one_handed-broadsword,one_handed,Broadsword,63,1750,source-indexed; numeric fields require visual row validation,"Broadsword              1d8      M     M       Bleed, Impale                2          6/10                        A-E      175 SP"
one_handed-chain,one_handed,Chain,63,100,source-indexed; numeric fields require visual row validation,Chain                  1d4      M     M      Entangle                    1           8/6             Flexible           A-I      10 SP
one_handed-club,one_handed,Club,63,50,source-indexed; numeric fields require visual row validation,"Club                   1d6      M         S       Bash, Stun Location           1           4/4                                  All       5 SP"
one_handed-dagger,one_handed,Dagger,63,300,source-indexed; numeric fields require visual row validation,"Dagger               1d4+1         S         S       Bleed, Impale        —          6/8         Thrown             All       30 SP"
one_handed-hatchet,one_handed,Hatchet,63,250,source-indexed; numeric fields require visual row validation,Hatchet                 1d6          S         S       Bleed                       1           4/6         Thrown             All       25 SP
one_handed-falchion,one_handed,Falchion,63,2000,source-indexed; numeric fields require visual row validation,Falchion               1d6+2     M     M      Bleed                       1          6/10                    A-M      200 SP
one_handed-flail,one_handed,Flail,63,250,source-indexed; numeric fields require visual row validation,Flail                    1d6      M     M      Bash                        1           3/6             Flexible       A-M      25 SP
one_handed-knife,one_handed,Knife,63,100,source-indexed; numeric fields require visual row validation,"Knife                   1d3          S         S       Bleed, Impale        —          5/4                                  All       10 SP"
one_handed-lance,one_handed,Lance,63,1500,source-indexed; numeric fields require visual row validation,"Lance                1d10+2      H       VL      Impale, Sunder               3          4/10         Mount        A-M      150 SP"
one_handed-longsword,one_handed,Longsword,63,2500,source-indexed; numeric fields require visual row validation,"Longsword               1d8      M        L       Bleed, Impale                2          6/12                   M-R      250 SP"
one_handed-mace,one_handed,Mace,63,1000,source-indexed; numeric fields require visual row validation,"Mace                   1d8      M         S       Bash, Stun Location           1           6/6                       A-R      100 SP"
one_handed-main-gauche,one_handed,Main Gauche,63,1800,source-indexed; numeric fields require visual row validation,Main Gauche            1d4          S         S       Bleed           —          6/10         Entrapping      M-E      180 SP
one_handed-military-pick,one_handed,Military pick,63,1800,source-indexed; numeric fields require visual row validation,"Military pick           1d6+1     M     M      Stun Location, Sunder         3          6/10                    M-E      180 SP"
one_handed-net,one_handed,Net,63,200,source-indexed; numeric fields require visual row validation,Net                    1d4          S        L       Entangle                    3          2/20                                  All       20 SP
one_handed-rapier,one_handed,Rapier,63,1000,source-indexed; numeric fields require visual row validation,Rapier                  1d8      M        L       Impale                      1           5/8                      E       100 SP
one_handed-sabre,one_handed,Sabre,63,2250,source-indexed; numeric fields require visual row validation,"Sabre                 1d6+1     M     M       Bleed, Impale                1           6/8                               E-I       225 SP"
one_handed-scimitar,one_handed,Scimitar,63,2000,source-indexed; numeric fields require visual row validation,Scimitar                 1d8      M     M      Bleed                       2          6/10                    M-E      200 SP
one_handed-shortspear,one_handed,Shortspear,63,200,source-indexed; numeric fields require visual row validation,"Shortspear             1d8+1     M        L       Impale                      2           4/5           Set, Thrown           All       20 SP"
one_handed-shortsword,one_handed,Shortsword,63,1000,source-indexed; numeric fields require visual row validation,"Shortsword              1d6      M         S       Bleed, Impale                1           6/8                                  All       100 SP"
one_handed-trident,one_handed,Trident,63,1550,source-indexed; numeric fields require visual row validation,"Trident                 1d8      M        L       Impale                      2          4/10       Barbed, Thrown     A-M      155 SP"
one_handed-whip,one_handed,Whip,63,1000,source-indexed; numeric fields require visual row validation,"Whip                   1d3      M      VL      Entangle, Stun Location        1           2/8             Flexible,       A-M      100 SP"
shields-buckler,shields,Buckler,63,,source-indexed; numeric fields require visual row validation,"Buckler         1d3     M         S       Bash, Stun Location         1           6/9                            M-E"
shields-heater,shields,Heater,63,,source-indexed; numeric fields require visual row validation,"Heater         1d4        L         S       Bash, Stun Location         2          6/12                   M"
shields-hoplite,shields,Hoplite,63,,source-indexed; numeric fields require visual row validation,"Hoplite         1d4      H         S       Bash, Stun Location         3          6/15                           A-M"
shields-kite,shields,Kite,63,,source-indexed; numeric fields require visual row validation,"Kite           1d4      H         S       Bash, Stun Location         3          4/15                   M"
shields-peltast,shields,Peltast,63,,source-indexed; numeric fields require visual row validation,"Peltast         1d4        L         S       Bash, Stun Location         2          4/12                           A-M"
shields-scutum,shields,Scutum,63,,source-indexed; numeric fields require visual row validation,"Scutum        1d4      H         S       Bash, Stun Location         4          4/18                           A-M"
shields-target,shields,Target,63,,source-indexed; numeric fields require visual row validation,"Target        1d3+1       L         S       Bash, Impale               2           4/9                                 A-E"
shields-viking,shields,Viking,63,,source-indexed; numeric fields require visual row validation,"Viking         1d4        L         S       Bash, Stun Location         3          4/12                   M"
two_handed-battleaxe,two_handed,Battleaxe,64,1000,source-indexed; numeric fields require visual row validation,"Battleaxe             1d8+1         L      M        Bleed, Sunder                1           4/8                  A-M      100 SP"
two_handed-garrotte,two_handed,Garrotte,64,150,source-indexed; numeric fields require visual row validation,Garrotte               1d2           S        T           -             —          1/2           Stealth          A-I      15 SP
two_handed-glaive-rhomphaia,two_handed,Glaive/Rhomphaia,64,2500,source-indexed; numeric fields require visual row validation,"Glaive/Rhomphaia     1d10+2        L          L        Bleed, Sunder                2          4/10                  A-M      250 SP"
two_handed-great-axe,two_handed,Great axe,64,1250,source-indexed; numeric fields require visual row validation,"Great axe             2d6+2      H         L        Bleed, Sunder                2          4/10                  A-M      125 SP"
two_handed-great-club,two_handed,Great club,64,500,source-indexed; numeric fields require visual row validation,"Great club              2d6       H         L        Bash, Stun Location           3          4/10                              All       50 SP"
two_handed-great-hammer,two_handed,Great hammer,64,2500,source-indexed; numeric fields require visual row validation,Great hammer         1d10+3      H         L                                  3          4/10                  M-E      250 SP
two_handed-greatsword,two_handed,Greatsword,64,3000,source-indexed; numeric fields require visual row validation,"Greatsword             2d8       H         L        Bleed, Impale, Sunder         4          6/12                  M-E      300 SP"
two_handed-halberd-poleaxe,two_handed,Halberd/Poleaxe,64,2000,source-indexed; numeric fields require visual row validation,Halberd/Poleaxe       1d8+2         L        VL                                  4          4/10            Set          A-E      200 SP
two_handed-longspear,two_handed,Longspear,64,300,source-indexed; numeric fields require visual row validation,Longspear            1d10+1        L        VL       Impale                      2          4/10            Set              All       30 SP
two_handed-longsword,two_handed,Longsword,64,2500,source-indexed; numeric fields require visual row validation,"Longsword             1d10         L          L        Bleed, Impale, Sunder         2          6/12                  M-E      250 SP"
two_handed-military-flail,two_handed,Military flail,64,2500,source-indexed; numeric fields require visual row validation,"Military flail            1d10         L          L        Bash, Stun Location           3          4/10          Flexible      A-M      250 SP"
two_handed-pike-sarissa,two_handed,Pike/Sarissa,64,900,source-indexed; numeric fields require visual row validation,Pike/Sarissa          1d10+2        L        VL       Impale                      4          4/12            Set        A-M      90 SP
two_handed-quarterstaff,two_handed,Quarterstaff,64,200,source-indexed; numeric fields require visual row validation,Quarterstaff             1d8      M         L       Stun Location                2           4/8         Defensive           All       20 SP
two_handed-xyston,two_handed,Xyston,64,1000,source-indexed; numeric fields require visual row validation,Xyston                1d10         L        VL       Impale                      3          4/10                  A       100 SP
siege-scorpion,siege,Scorpion,64,7500,source-indexed; numeric fields require visual row validation,"Scorpion             3d6       150m      300m        4      1/1      BE          Impale, Sunder          4/15        A-M      750 SP"
siege-ballista,siege,Ballista,64,10000,source-indexed; numeric fields require visual row validation,"Ballista              4d6       200m      400m        5      2/4      BE          Impale, Sunder          4/25        A-M       1,000 SP"
siege-mangonel,siege,Mangonel,64,12500,source-indexed; numeric fields require visual row validation,"Mangonel            5d6       250m      500m        6      2/4      BE            Bash, Stun            4/50      M        1,250 SP"
siege-onager,siege,Onager,64,15000,source-indexed; numeric fields require visual row validation,"Onager              6d6       300m      600m        7      3/6      BE            Bash, Stun            4/75        A-M       1,500 SP"
siege-couillard,siege,Couillard,64,30000,source-indexed; numeric fields require visual row validation,"Couillard            7d6       350m      700m        8      3/6      BE            Bash, Stun            4/100      M        3,000 SP"
siege-trebuchet,siege,Trebuchet,64,50000,source-indexed; numeric fields require visual row validation,"Trebuchet            8d6       400m      800m        9      4/8      BE            Bash, Stun            4/150      M        5,000 SP"
vehicles-two-wheeled-cart,vehicles,Two wheeled cart,64,600,source-indexed; numeric fields require visual row validation,"Two wheeled cart (hayrick, ox cart or similar)                                         6/60                      1                    A-I            60"
vehicles-two-wheeled-wagon,vehicles,Two wheeled wagon,64,1750,source-indexed; numeric fields require visual row validation,"Two wheeled wagon (goods cart, carriage or similar)                                  10/100                     1                    A-I           175"
vehicles-four-wheeled-freight-wagon,vehicles,Four Wheeled Freight wagon,64,5000,source-indexed; numeric fields require visual row validation,Four Wheeled Freight wagon                                                     10/200                     2                    A-I           500
vehicles-war-chariot,vehicles,War Chariot,64,12000,source-indexed; numeric fields require visual row validation,War Chariot                                                                   2/20                      2                    A-I           1200
vehicles-sedan-chair,vehicles,Sedan Chair,64,4000,source-indexed; numeric fields require visual row validation,Sedan Chair (carried by humans)                                                  1/10                      2                    A-I           400
vehicles-palanquin,vehicles,Palanquin,64,20000,source-indexed; numeric fields require visual row validation,Palanquin (carried by humans)                                                    4/40                      8                    A-I           2000
vehicles-stage-coach,vehicles,Stage Coach,64,80000,source-indexed; numeric fields require visual row validation,"Stage Coach (covered and comfortable)                                             8/200                     4                  R, I          8000"
vehicles-heavy-coach,vehicles,Heavy Coach,64,150000,source-indexed; numeric fields require visual row validation,"Heavy Coach (covered and comfortable)                                            12/400                     8                  R, I          15000"
ranged-atlatl,ranged,Atlatl,65,100,source-indexed; numeric fields require visual row validation,Atlatl        —     —      +1 Step   +0/+25/+75       1     —     —          1         1/4        P      10 SP
ranged-blowgun,ranged,Blowgun,65,300,source-indexed; numeric fields require visual row validation,Blowgun       —       N     —      10/20/30          2     —     —     —        1/4        P      30 SP
ranged-bolas,ranged,Bolas,65,100,source-indexed; numeric fields require visual row validation,Bolas               1d4       N     —      10/25/50     —        Entangle    —     —        2/2       P-A     10 SP
ranged-dagger,ranged,Dagger,65,300,source-indexed; numeric fields require visual row validation,Dagger             1d4       Y          S      5/10/20     —        Impale         S     —        6/8          All     30 SP
ranged-dart,ranged,Dart,65,100,source-indexed; numeric fields require visual row validation,Dart               1d4       Y          S      5/10/20     —        Impale         S     —        2/1       P-A     10 SP
ranged-discus,ranged,Discus,65,300,source-indexed; numeric fields require visual row validation,Discus            1d4+1       Y         L      5/20/40     —     Stun Location   —     —        2/3      A      30 SP
ranged-hatchet,ranged,Hatchet,65,250,source-indexed; numeric fields require visual row validation,Hatchet             1d6       Y          S      10/20/30     —         Bleed     —          1         4/6          All     25 SP
ranged-heavy-crossbow,ranged,Heavy crossbow,65,3500,source-indexed; numeric fields require visual row validation,Heavy crossbow      1d10      N      H      20/150/300        4                      S           2         4/8      M-E     350 SP
ranged-javelin,ranged,Javelin,65,200,source-indexed; numeric fields require visual row validation,Javelin            1d8+1       Y      H      10/20/50     —       Weapon     M          1         3/8      A-M     20 SP
ranged-light-crossbow,ranged,Light crossbow,65,1500,source-indexed; numeric fields require visual row validation,Light crossbow       1d8       N         L      20/100/200        3         Impale         S           1         4/5      M-E     150 SP
ranged-long-bow,ranged,Long bow,65,2000,source-indexed; numeric fields require visual row validation,Long bow           1d8       Y      H      15/125/250        2         Impale         S           1         4/7    M      200 SP
ranged-net,ranged,Net,65,200,source-indexed; numeric fields require visual row validation,Net         —       N     —      3/5/10      —        Entangle    —          3        2/20          All     20 SP
ranged-recurve-bow,ranged,Recurve bow,65,2250,source-indexed; numeric fields require visual row validation,Recurve bow         1d8       Y      H      15/125/250        2         Impale         S           1         4/8      A-M     225 SP
ranged-short-bow,ranged,Short bow,65,750,source-indexed; numeric fields require visual row validation,Short bow           1d6       Y         L      15/100/200        2         Impale         S           1         4/4      P-M     75 SP
ranged-shortspear,ranged,Shortspear,65,200,source-indexed; numeric fields require visual row validation,Shortspear           1d8       Y         L      10/15/30          –         Impale     M          1         4/5          All     20 SP
ranged-sling,ranged,Sling,65,50,source-indexed; numeric fields require visual row validation,Sling               1d8       N         L      10/150/300        3      Stun Location   —     —        1/2      P-M     5 SP
ranged-staff-sling,ranged,Staff sling,65,200,source-indexed; numeric fields require visual row validation,Staff sling           2d6       N        E      5/25/50           4      Stun Location   —          2         3/6      A-M     20 SP
ranged-stone-rock,ranged,Stone/Rock,65,,source-indexed; numeric fields require visual row validation,Stone/Rock          1d3       Y          S      5/10/20     —     Stun Location   —                                        All
ranged-trident,ranged,Trident,65,1550,source-indexed; numeric fields require visual row validation,Trident             1d8       Y         L      10/15/30     —            M          2        4/10     A-M     155 SP
armour-natural-cured,armour,Natural/Cured,58,200,visually checked against printed page 58,"Natural/Cured                  Furs, Hides                1           2             20        14/140/3                Any"
armour-padded-quilted,armour,Padded/Quilted,58,800,visually checked against printed page 58,"Padded/Quilted            Aketon, Gambeson             2           1             80        7/560/2                 Any"
armour-laminated,armour,Laminated,58,1800,visually checked against printed page 58,"Laminated              Linothorax, Bezainted           3           2            180        14/1260/3             A-M"
armour-scaled,armour,Scaled,58,3200,visually checked against printed page 58,Scaled armour; or if the source creature is of sufficient
armour-half-plate,armour,Half Plate,58,5000,visually checked against printed page 58,Half Plate                  Hoplite Plate               5           4            500        28/3500/6               A-R
armour-mail,armour,Mail,58,9000,visually checked against printed page 58,"Mail              Mail Hauberk, Laminar           6           5            900        35/6300/7               A-R"
armour-plated-mail,armour,Plated Mail,58,14000,visually checked against printed page 58,Plated Mail               Splinted Chainmail            7           6            1400       42/9800/9              M-E
armour-articulated-plate,armour,Articulated Plate,58,24000,visually checked against printed page 58,Articulated Plate              Gothic Plate               8           7            2400       49/16800/10            M-E
materials-bone,materials,Bone,58,,visually checked against printed page 58,"Bone           x1.5                                   Laminated, Scaled, and Plate construction              which it has been designed."
materials-bronze,materials,Bronze,58,,visually checked against printed page 58,Bronze         x1
materials-chitin,materials,Chitin,58,,visually checked against printed page 58,"Laminated, Scaled, and Plate armours. Chitin can           vast bulk of those who train in weapons also train in armour, and            Chitin         x0.75"
materials-iron,materials,Iron,58,,visually checked against printed page 58,"Superior in strength to iron or bronze, it is can be"
materials-ivory,materials,Ivory,58,,visually checked against printed page 58,"Teeth, and tusks can be fashioned as part of               greater the Initiative Penalty. This penalty is applied to a character’s            Ivory          x1.25"
materials-leather,materials,Leather,58,,visually checked against printed page 58,"Leather can be tanned or boiled to make it rigid, and          all the armour worn, and then divide by 5, rounding up. A full suit"
materials-linen,materials,Linen,58,,visually checked against printed page 58,Linen          x1
materials-shell,materials,Shell,58,,visually checked against printed page 58,"Shell armour tends to be thick, and heavy to make               Meerish Warriors wear Hoplite Half Plate armour: helm, greaves, vam-"
materials-silk,materials,Silk,58,,visually checked against printed page 58,Silk            x0.75                                                                        Initiative Penalty is therefore -6.
materials-steel,materials,Steel,58,,visually checked against printed page 58,"Steel           x0.75     fashioned into thinner, lighter pieces for rigid material"
materials-stone,materials,Stone,58,,visually checked against printed page 58,"Stone          x3                                                        portable. Prices  for rented temporary accommodation, such as a                                           suitable for laminated or scaled armours, or large single"
accommodation-common-room-floor-stables,accommodation,Common room floor/stables,59,,source-indexed; numeric fields require visual row validation,
accommodation-shared-room-dormitory,accommodation,Shared room/dormitory,59,,source-indexed; numeric fields require visual row validation,
accommodation-private-room,accommodation,Private room,59,,source-indexed; numeric fields require visual row validation,Private room                 2               5               10                                                                                                                 Vest or Tabard               10               20              50
accommodation-rented-hovel-or-shack,accommodation,Rented hovel or shack,59,,source-indexed; numeric fields require visual row validation,Rented hovel or shack                                               10                       -                         -               Tunic or Dress               15               30              75
accommodation-rented-cabin-or-cottage,accommodation,Rented cabin or cottage,59,,source-indexed; numeric fields require visual row validation,
accommodation-rented-house-or-apartment,accommodation,Rented house or apartment,59,,source-indexed; numeric fields require visual row validation,
accommodation-rented-villa-or-mansion,accommodation,Rented villa or mansion,59,,source-indexed; numeric fields require visual row validation,
accommodation-hovel-or-shack-to-buy,accommodation,Hovel or shack to buy,59,,source-indexed; numeric fields require visual row validation,Hovel or shack to buy        100                       -                         -
accommodation-cabin-or-cottage-to-buy,accommodation,Cabin or Cottage to buy,59,,source-indexed; numeric fields require visual row validation,
accommodation-house-or-apartment-to-buy,accommodation,House or Apartment to buy,59,,source-indexed; numeric fields require visual row validation,
accommodation-villa-or-mansion-to-buy,accommodation,Villa or Mansion to buy,59,,source-indexed; numeric fields require visual row validation,
accommodation-tent,accommodation,Tent,59,,source-indexed; numeric fields require visual row validation,"Tent (per person                                                             of beverage. A superior meal consists of several varied courses, and"
clothing-boots,clothing,Boots,59,,source-indexed; numeric fields require visual row validation,Type                                                                              Boots                      25               50              100
clothing-cap-or-hat,clothing,Cap or Hat,59,,source-indexed; numeric fields require visual row validation,Common room floor/                                                  Cap or Hat                  3                6               18                                                        0.5                       -                         -
clothing-gloves-socks-or-underwear,clothing,"Gloves, Socks or Underwear",59,,source-indexed; numeric fields require visual row validation,
clothing-general-coat-or-cloak,clothing,General Coat or Cloak,59,,source-indexed; numeric fields require visual row validation,dormitory                                                                                                      General Coat or Cloak        20               45              90
clothing-vest-or-tabard,clothing,Vest or Tabard,59,,source-indexed; numeric fields require visual row validation,Private room                 2               5               10                                                                                                                 Vest or Tabard               10               20              50
clothing-tunic-or-dress,clothing,Tunic or Dress,59,,source-indexed; numeric fields require visual row validation,Rented hovel or shack                                               10                       -                         -               Tunic or Dress               15               30              75
clothing-sandals,clothing,Sandals,59,,source-indexed; numeric fields require visual row validation,Sandals                     4                8               20
clothing-shoes,clothing,Shoes,59,,source-indexed; numeric fields require visual row validation,Shoes                      20               45              90
clothing-trousers-skirt-or-kilt,clothing,"Trousers, Skirt or Kilt",59,,source-indexed; numeric fields require visual row validation,"Trousers, Skirt or Kilt         12               25              60                        small family"
clothing-shirt-smock-or-shift,clothing,"Shirt, Smock or Shift",59,,source-indexed; numeric fields require visual row validation,"Shirt, Smock or Shift          8               16              35                     Rented house or"
clothing-winter-coat-or-cloak,clothing,Winter Coat or Cloak,59,,source-indexed; numeric fields require visual row validation,apartment (week) –           30              50               75               Winter Coat or Cloak         30               75              150
food-meal-at-a-tavern-or-inn,food,Meal at a tavern or inn,59,,source-indexed; numeric fields require visual row validation,ones appropriate to the local conditions or to celebrate unusual      Meal at a tavern or inn            1              3              8
food-ale-or-beer-for-an-evening,food,Ale or Beer for an evening,59,,source-indexed; numeric fields require visual row validation,occasions. Those of high Social Class may even be required to con-       Ale or Beer for an evening          1                1.5             3
food-wine-or-spirits-for-an-evening,food,Wine or Spirits for an evening,59,,source-indexed; numeric fields require visual row validation,
food-trail-rations-7-days,food,Trail rations (7 days),59,,source-indexed; numeric fields require visual row validation,no upper limit as to how much an item of garb can cost once you                                                                                                                          Trail rations (7 days)              7              9             12
livestock-bull,livestock,Bull,60,,source-indexed; numeric fields require visual row validation,"Bull                        500             1000            3000                                                                                                   Chest, Large (holds up to 100 ENC)                    5          80 SP"
livestock-calf,livestock,Calf,60,,source-indexed; numeric fields require visual row validation,"Calf                        30              60             180                                                                                                   Chest, Small (holds up to 50 ENC)                     3          40 SP"
livestock-camel,livestock,Camel,60,,source-indexed; numeric fields require visual row validation,Camel                     1100            2200            6000                                                                                      Cooking Pot (for travel)                              2          3 SP
livestock-cow,livestock,Cow,60,,source-indexed; numeric fields require visual row validation,Cow                       100             200             600                                                                                                    Craft tools (basic tools to match a handicraft)             2          75 SP
livestock-fowl,livestock,Fowl,60,,source-indexed; numeric fields require visual row validation,Fowl                        1               2               4                                                                                 Crop (riding)                   —         15 SP
livestock-goat,livestock,Goat,60,,source-indexed; numeric fields require visual row validation,Goat                       25              50             100                                                                                   Crowbar                                          1          25 SP
livestock-horse-cavalry-war-trained,livestock,Horse (cavalry/war-trained),60,,source-indexed; numeric fields require visual row validation,
livestock-horse-heavy-draught,livestock,Horse (heavy draught),60,,source-indexed; numeric fields require visual row validation,Horse (heavy draught)         1400            2800            8000
livestock-horse-riding,livestock,Horse (riding),60,,source-indexed; numeric fields require visual row validation,Horse (riding)               1200            2500            7000
livestock-ox,livestock,Ox,60,,source-indexed; numeric fields require visual row validation,Ox                        150             300             800
livestock-pig,livestock,Pig,60,,source-indexed; numeric fields require visual row validation,Pig                         25              50             150
livestock-sheep,livestock,Sheep,60,,source-indexed; numeric fields require visual row validation,Sheep                      25              50             150                              —         25 SP                                                                                                                                                skill)
ammunition-arrows-per-sheaf-of-a-dozen,ammunition,Arrows (per sheaf of a dozen),62,40,checked against printed page 62 ammunition list,successful.                           hh Arrows (per sheaf of a dozen) 4 SP
ammunition-quarrels-per-sheaf-of-a-dozen,ammunition,Quarrels (per sheaf of a dozen),62,30,checked against printed page 62 ammunition list,hh Damage Modifier: Not all ranged weapons can take advantage of a char-    hh Quarrels (per sheaf of a dozen) 3 SP
ammunition-lead-sling-bullets-per-bag-of-twenty,ammunition,Lead sling bullets (per bag of twenty),62,10,checked against printed page 62 ammunition list,acter’s damage modifier. A Yes or No entry dictates whether or not the    hh Lead sling bullets (per bag of twenty) 1 SP
ammunition-blowgun-darts-per-half-dozen,ammunition,Blowgun darts (per half dozen),62,20,checked against printed page 62 ammunition list,user’s damage modifier can be applied.                hh Blowgun darts (per half dozen) 2 SP
ammunition-thrown-darts-per-sheaf-of-a-dozen,ammunition,Thrown darts (per sheaf of a dozen),62,20,checked against printed page 62 ammunition list,hh Force: Each ranged weapon possesses a force rating equivalent to the    hh Thrown darts (per sheaf of a dozen) 2 SP
tools-abacus,tools,Abacus,60,80,source-indexed; numeric fields require visual row validation,of valuable materials such as ivory or chitin. A few creatures might      Abacus                                           1          8 SP
tools-astrolabe,tools,Astrolabe,60,2000,source-indexed; numeric fields require visual row validation,even be kept for their ability to fight or hunt.                                                                                                    Astrolabe (Ancient onwards)                          1         200 SP
tools-backpack-satchel,tools,Backpack/Satchel,60,50,source-indexed; numeric fields require visual row validation,The following table only offers general livestock. In more exotic                                                                                             Backpack/Satchel (holds up to 20 ENC)                 1          5 SP
tools-bedroll,tools,Bedroll,60,,source-indexed; numeric fields require visual row validation,Bedroll                                           1          1 SP        anything from giant insects to flying beasts. Higher quality usually
tools-bit-bridle,tools,Bit & Bridle,60,150,source-indexed; numeric fields require visual row validation,"reflects better physical characteristics or training, but can be merely        Bit & Bridle                                       1          15 SP"
tools-block-tackle,tools,Block & tackle,60,150,source-indexed; numeric fields require visual row validation,based upon the creature’s aesthetic beauty.                                    Block & tackle                                     1          15 SP
tools-bottle-glass-earthenware,tools,"Bottle, glass/earthenware",60,20,source-indexed; numeric fields require visual row validation,"Bottle, glass/earthenware              —          2 SP"
tools-candle-6-hour,tools,"Candle, 6 hour",60,10,source-indexed; numeric fields require visual row validation,"Livestock Table                                                                                              Candle, 6 hour                                     1          1 SP"
tools-chain-2m,tools,"Chain, 2m",60,400,source-indexed; numeric fields require visual row validation,"Item              Poor Quality   Reasonable     Superior                                                                                            Chain, 2m                                        2          40 SP"
tools-chest-large,tools,"Chest, Large",60,800,source-indexed; numeric fields require visual row validation,"Bull                        500             1000            3000                                                                                                   Chest, Large (holds up to 100 ENC)                    5          80 SP"
tools-chest-small,tools,"Chest, Small",60,400,source-indexed; numeric fields require visual row validation,"Calf                        30              60             180                                                                                                   Chest, Small (holds up to 50 ENC)                     3          40 SP"
tools-cooking-pot,tools,Cooking Pot,60,30,source-indexed; numeric fields require visual row validation,Camel                     1100            2200            6000                                                                                      Cooking Pot (for travel)                              2          3 SP
tools-craft-tools,tools,Craft tools,60,750,source-indexed; numeric fields require visual row validation,Cow                       100             200             600                                                                                                    Craft tools (basic tools to match a handicraft)             2          75 SP
tools-crop-riding,tools,Crop (riding),60,150,source-indexed; numeric fields require visual row validation,Fowl                        1               2               4                                                                                 Crop (riding)                   —         15 SP
tools-crowbar,tools,Crowbar,60,250,source-indexed; numeric fields require visual row validation,Goat                       25              50             100                                                                                   Crowbar                                          1          25 SP
tools-doorjamb,tools,Doorjamb,60,50,source-indexed; numeric fields require visual row validation,"3000            6000            10,000           Doorjamb                                        2          5 SP"
tools-driver-s-whip,tools,Driver’s whip,60,250,source-indexed; numeric fields require visual row validation,Driver’s whip                   —         25 SP
tools-falconer-s-kit,tools,Falconer’s Kit,60,300,source-indexed; numeric fields require visual row validation,Falconer’s Kit                                      1          30 SP
tools-feed-mount-rations,tools,Feed/mount rations,60,5,source-indexed; numeric fields require visual row validation,Feed/mount rations (per day)                         1          5 CP
tools-fine-wine-goblet,tools,Fine wine goblet,60,80,source-indexed; numeric fields require visual row validation,Fine wine goblet (glass – double for silver)        —          8 SP
tools-first-aid-kit,tools,First aid kit,60,,source-indexed; numeric fields require visual row validation,First aid kit (useful for 10 applications of First Aid
tools-fish-hooks,tools,Fish hooks,60,10,source-indexed; numeric fields require visual row validation,Fish hooks (20)                  —          1 SP
tools-fishing-kit,tools,Fishing kit,60,150,source-indexed; numeric fields require visual row validation,Fishing kit                                        1          15 SP
tools-fishing-net,tools,Fishing Net,60,100,source-indexed; numeric fields require visual row validation,Fishing Net                                       4          10 SP
tools-flint-tinder,tools,Flint & tinder,60,10,source-indexed; numeric fields require visual row validation,Flint & tinder                   —          1 SP
tools-game-snares-and-traps,tools,"Game Snares, and Traps",60,,source-indexed; numeric fields require visual row validation,"Game Snares, and Traps                             1          1 SP   Tools"
tools-goad,tools,Goad,60,250,source-indexed; numeric fields require visual row validation,Tools include all the items any self-respecting adventurer can be      Goad                                            1          25 SP
tools-grappling-hook,tools,Grappling hook,60,50,source-indexed; numeric fields require visual row validation,"expected to own: rope, sacks and bags, candles, lanterns, and so on.       Grappling hook                  —          5 SP"
tools-hammer-saw-mallet-chisel,tools,Hammer/Saw/Mallet/Chisel,60,10,source-indexed; numeric fields require visual row validation,All items in this list are deemed to be of reasonable quality.               Hammer/Saw/Mallet/Chisel                         1          1 SP
tools-healer-s-kit,tools,Healer’s kit,60,,source-indexed; numeric fields require visual row validation,Healer’s kit (useful for 10 applications of Healing
tools-hourglass,tools,Hourglass,60,200,source-indexed; numeric fields require visual row validation,Hourglass (Ancient onwards)                          1          20 SP
tools-knife-tool-not-weapon,tools,"Knife (tool, not weapon)",60,50,source-indexed; numeric fields require visual row validation,"Knife (tool, not weapon)              —          5 SP"
tools-ladder-rope-3m,tools,"Ladder, rope 3m",60,20,source-indexed; numeric fields require visual row validation,"Ladder, rope 3m                                   4          2 SP"
tools-lantern-basic,tools,"Lantern, basic",60,100,source-indexed; numeric fields require visual row validation,"Lantern, basic                                     1          10 SP"
tools-lock-picks,tools,Lock picks,60,750,source-indexed; numeric fields require visual row validation,Lock picks                    —         75 SP
tools-lockbox,tools,Lockbox,60,2500,source-indexed; numeric fields require visual row validation,Lockbox                                         depending    75 - 250 SP
tools-lodestone,tools,Lodestone,60,50,source-indexed; numeric fields require visual row validation,Lodestone                    —          5 SP
tools-milling-stone,tools,Milling Stone,60,80,source-indexed; numeric fields require visual row validation,Milling Stone                                      2          8 SP
tools-mirror-hand-glass,tools,Mirror (hand glass),60,120,source-indexed; numeric fields require visual row validation,Mirror (hand glass)                                 1          12 SP
tools-mug-beaker-dish-plate,tools,Mug/Beaker/Dish/Plate,60,,source-indexed; numeric fields require visual row validation,Mug/Beaker/Dish/Plate (wood – double price for
tools-musical-instrument,tools,Musical instrument,60,700,source-indexed; numeric fields require visual row validation,Musical instrument                                 2          70 SP
tools-nails-or-tacks,tools,Nails or tacks,60,2,source-indexed; numeric fields require visual row validation,Nails or tacks (50)                 —          2 CP
tools-oil-flask,tools,Oil flask,60,10,source-indexed; numeric fields require visual row validation,Oil flask                                          1          1 SP
tools-papyrus-or-paper-sheet,tools,Papyrus or paper sheet,60,5,source-indexed; numeric fields require visual row validation,Papyrus or paper sheet (double the cost for vellum)    —          5 CP
tools-pickaxe,tools,Pickaxe,60,,source-indexed; numeric fields require visual row validation,"Pickaxe                                           1          35 SP                  permitted access to the Impale and Bleed effects, whereas a mace is unable"
tools-pole-3m,tools,"Pole, 3m",60,,source-indexed; numeric fields require visual row validation,"Pole, 3m                                          1          1 SP                     to produce those effects but could inflict Stun Location instead (see Special"
tools-quills,tools,Quills,60,,source-indexed; numeric fields require visual row validation,"Quills , and ink for writing                            1          30 SP                   Effects page 95)."
tools-quiver,tools,Quiver,60,,source-indexed; numeric fields require visual row validation,Quiver                     —          2 SP      hh ENC: The weapon’s combined encumbrance and weight
tools-razor-folding,tools,"Razor, folding",60,,source-indexed; numeric fields require visual row validation,"Razor, folding                  —          3 SP      hh AP/HP: All weapons are rated for their Armour Points and Hit Points;"
tools-rope-hemp-10m,tools,"Rope (hemp), 10m",60,,source-indexed; numeric fields require visual row validation,"Rope (hemp), 10m                                  2          10 SP                     their ability to withstand direct damage, and how much damage they"
tools-sack-large,tools,"Sack, large",60,,source-indexed; numeric fields require visual row validation,"Sack, large (holds up to 60 ENC)                      1          5 CP                can tolerate before breaking. Those weapons that rely on metal for their"
tools-sack-small,tools,"Sack, small",60,2,source-indexed; numeric fields require visual row validation,"damage capability are assumed to be either bronze or iron.                        Sack, small (holds up to 30 ENC)           —          2 CP"
tools-saddle-riding,tools,"Saddle, riding",60,600,source-indexed; numeric fields require visual row validation,"hh Traits: Some weapons, due to their specialised nature, have certain qual-                        Saddle, riding                                      3          60 SP"
tools-saddle-war,tools,"Saddle, war",60,,source-indexed; numeric fields require visual row validation,"Saddle, war                                       4          90 SP                                                                                   The common traits are:"
tools-saddlebag,tools,Saddlebag,60,,source-indexed; numeric fields require visual row validation,Saddlebag (holds up to 2x20 ENC)                     2          20 SP       hh Barbed – If impaled it will cause full rather than half damage on
tools-saw-hand,tools,"Saw, hand",60,,source-indexed; numeric fields require visual row validation,"Saw, hand                                         1          1 SP                      being yanked free."
tools-scythe-sickle,tools,Scythe/Sickle,60,,source-indexed; numeric fields require visual row validation,"Scythe/Sickle                                      2          30 SP       hh Defensive – If used to parry an attacking weapon, that weapon is"
tools-sextant,tools,Sextant,60,,source-indexed; numeric fields require visual row validation,"Sextant (Renaissance cultures, and later)                 1          25 SP                      considered one size smaller than  it actually  is. So a Large sword"
tools-ship-s-compass,tools,Ship’s Compass,60,,source-indexed; numeric fields require visual row validation,"Ship’s Compass (Medieval cultures, and later)            1          70 SP                           is considered Medium, and a Medium sword is considered Small."
tools-shoes-horse,tools,"Shoes, horse",60,,source-indexed; numeric fields require visual row validation,"Shoes, horse                                       1          10 SP                 Weapons already Small in size are unaffected."
tools-spade-hoe-pitchfork,tools,Spade/Hoe/Pitchfork,60,250,source-indexed; numeric fields require visual row validation,"hh Double Ended – If broken in combat, the length remaining in the                      Spade/Hoe/Pitchfork                               1          25 SP"
tools-torch-1-hour,tools,"Torch, 1 hour",60,4,source-indexed; numeric fields require visual row validation,"hand can be reversed, and used as a shorter version of  the original                       Torch, 1 hour                   —          4 CP"
tools-torch-6-hour,tools,"Torch, 6 hour",60,8,source-indexed; numeric fields require visual row validation,"Torch, 6 hour                                      1          8 CP"
tools-waterskin-or-canteen,tools,Waterskin or Canteen,60,,source-indexed; numeric fields require visual row validation,Waterskin or Canteen (holds 2 litres of liquid)            1          5 CP                   Pin Weapon special effect without needing to roll a Critical.
tools-wax-block,tools,"Wax, block",60,,source-indexed; numeric fields require visual row validation,"Wax, block                                        1          2 CP       hh Flexible – If  the opponent is using a shield to parry, the shield is"
